{
  "mae": 0.19286676767197522,
  "rmse": 0.35410751470110635,
  "r2": 0.06974727999080312
}