{
  "mae": 0.5213016779585318,
  "rmse": 0.5768341957168146,
  "r2": -3.630107217214324
}