{
  "train_loss": [
    {
      "epoch": 1,
      "loss": 3056.7305407077074
    }
  ],
  "train_duration": 47.0620219707489
}