{
  "train_loss": [
    {
      "epoch": 1,
      "loss": 585.6131778154522
    }
  ],
  "train_duration_sec": 49.409661531448364
}