{
  "mae": 0.26111546802249824,
  "rmse": 0.43448845940557396,
  "r2": -0.4060188586061651
}